Code,Si/Do,시군구,City_Name,Si/Gun,Smart_City,1st_SC (U-City & LH_SC service in Transport & Security),2nd_SC (Multiple SC service),SC_Ordinance,RE,RE_B,RE_E,SG,CI,ES_Ave,ES1,EC2,EC3,EC4,EC5,Elec_HPS,TB,ER,Population, Business ,FIR,GRDP,Car,UA,RA,CA,IA,GA,Road,F_Culture,F_Research,Hospitals,Waste
11000,Seoul,서울특별시,Seoul,Metropolitan ,2,"마곡 (07~12), 은평뉴타운 (08~11), u-city(시범도시)","마곡2(07~18, SH)",2009,512676 ,0.006%,0.003%,6 ,37 ,3.540 ,4.13 ,4.33 ,3.66 ,3.04 ,2.55 ,44563008 ,0.01%, 4 ,"4,189,839"," 820,156 ",84.7," 344,426,006 "," 3,083,007 ",100.0,52.2,4.3,3.69,39.81,"88,300,681",96,22,21,0.97
26000,Busan,부산광역시,Busan,Metropolitan ,1,"U-city(시범도시, 도시계획)",,2018,190993 ,0.005%,0.004%,1 ,1 ,3.562 ,3.97 ,4.20 ,3.65 ,3.20 ,2.79 ,13232851 ,0.00%, 2 ,"1,451,270"," 283,554 ",60.1,81263509.00 ," 1,295,316 ",88.3,15.3,2.7,6.80,58.12,"58,454,922",34,8,12,0.96
27000,Daegu,대구광역시,Daegu,Metropolitan ,1,"대구혁신(06~16), 테크노폴리스(06~15)",,2018,2741871 ,0.015%,0.010%,2 ,0 ,3.490 ,3.71 ,4.16 ,3.90 ,3.01 ,2.68 ,9354063 ,0.51%, 3 ,"994,220"," 205,319 ",57.1," 49,757,726 "," 1,130,811 ",64.0,15.2,2.3,5.12,77.41,"58,617,293",11,6,7,1.19
28000,Incheon,인천광역시,Incheon,Metropolitan ,2,"인천송도u-city(09~13), U-city(기반조성)",인청청라(06~14),2014,2150917 ,0.004%,0.001%,9 ,12 ,3.490 ,3.87 ,4.28 ,3.68 ,3.07 ,2.56 ,10864656 ,0.36%, 4 ,"1,171,399","191,566",67.0," 80,859,230 "," 1,437,373 ",47.4,20.4,4.0,11.06,49.73,"68,495,661",58,8,8,0.81
29000,Gwangju,광주광역시,Gwangju,Metropolitan ,1,U-city(기반조성사업),, -   ,907635 ,0.082%,0.044%,0 ,7 ,3.440 ,3.58 ,3.58 ,3.60 ,3.68 ,2.77 ,5436702 ,0.14%, 3 ,"586,464","116,046",51.5," 32,516,321 "," 633,375 ",100.0,17.7,1.9,5.33,75.03,"34,471,020",19,0,3,0.85
30000,Daejeon,대전광역시,Daejeon,Metropolitan ,2,,대전도안(03~15),2014,1639284 ,0.017%,0.016%,3 ,1 ,3.361 ,3.59 ,4.15 ,3.39 ,2.89 ,2.79 ,6798047 ,0.66%, 2 ,"606,137","113,228",55.0," 35,944,729 "," 648,084 ",100.0,14.4,1.8,2.87,80.91,"36,533,427",15,3,5,1.08
31000,Ulsan,울산광역시,Ulsan,Metropolitan ,1,울산혁신(07~16),, -   ,4244012 ,0.015%,0.004%,1 ,6 ,3.559 ,3.60 ,4.23 ,3.71 ,3.33 ,2.94 ,5781385 ,0.00%, 3 ,"455,352","82,948",72.2," 72,197,266 "," 538,720 ",52.2,8.9,1.0,5.07,68.13,"48,152,894",19,5,1,1.36
36000,Sejong,세종특별자치시,Sejong,Metropolitan ,2,,, -   ,0 ,0.022%,0.004%,0 ,0 ,3.389 ,3.18 ,4.28 ,3.64 ,3.23 ,2.60 ,994918 ,0.64%, 2 ,"94,343","90,672",59.0," 9,192,000 "," 110,419 ",9.1,20.0,3.9,5.1,70.22,"29,088,747",15,8,3,0.73
41110,Gyeonggi,수원시,Suwon-si,Si,2,"광교신도시(06~11), 유비쿼터스 도시계획",수원호매실(06~15),2013,57285 ,0.003%,0.000%,0 ,5 ,3.344 ,3.70 ,4.40 ,3.84 ,3.27 ,1.51 ,4802454 ,0.00%, 2 ,"472,194"," 70,004 ",60.9," 27,419,993 "," 475,847 ",100.0,36.8,4.8,3.4,55.0,"15,527,750",27,6,2,1.04
41130,Gyeonggi,성남시,Seongnam-si,Si,2,유비쿼터스 도시계획,성남판교 (03~11),2010,57734 ,0.023%,0.007%,0 ,1 ,3.385 ,3.88 ,4.51 ,3.90 ,3.15 ,1.48 ,4553848 ,0.00%, 3 ,"394,087"," 63,969 ",61.9," 24,923,284 "," 332,798 ",100.0,20.8,3.6,1.3,74.2,"13,531,088",2,1,0,0.90
41150,Gyeonggi,의정부시,Uijeongbu-si,Si,1,"의정부민락2(06~16), U-city(기반조성), 유비쿼터스 도시계획",, -   ,24124 ,0.008%,0.000%,0 ,0 ,3.454 ,3.95 ,4.54 ,4.11 ,3.27 ,1.41 ,1550981 ,0.00%, 2 ,"175,948"," 25,940 ",34.1," 6,779,964 "," 144,118 ",100.0,20.7,1.9,0.5,76.9,"7,198,868",3,0,0,0.86
41170,Gyeonggi,안양시,Anyang-si,Si,3,,, -   ,33442 ,0.004%,0.000%,0 ,0 ,3.486 ,3.94 ,4.49 ,3.98 ,3.38 ,1.65 ,2128488 ,0.00%, 2 ,"225,163"," 44,767 ",54.4," 15,699,206 "," 209,151 ",100.0,28.7,3.6,5.5,62.2,"6,211,814",4,0,1,0.83
41190,Gyeonggi,부천시,Bucheon-si,Si,1,U-city(시범도시),,2018,37661 ,0.002%,0.000%,1 ,4 ,3.386 ,3.90 ,4.51 ,3.88 ,3.18 ,1.46 ,2714692 ,0.00%, 3 ,"331,797"," 59,833 ",47.5," 15,621,200 "," 294,966 ",100.0,43.2,6.4,8.5,41.9,"8,797,074",6,0,2,0.67
41210,Gyeonggi,광명시,Gwangmyeong-si,Si,1,유비쿼터스 도시계획,,2010,19387 ,0.005%,0.000%,0 ,0 ,3.520 ,4.05 ,4.44 ,4.04 ,3.51 ,1.56 ,956355 ,0.00%, 2 ,"127,461"," 18,679 ",46.9," 6,086,261 "," 106,736 ",100.0,24.2,3.9,0.3,71.5,"5,124,801",7,0,1,0.72
41220,Gyeonggi,평택시,Pyeongtaek-si,Si,1,평택소사벌(06~15),,2011,51992 ,0.006%,0.000%,0 ,2 ,3.303 ,3.32 ,4.51 ,3.99 ,3.17 ,1.52 ,2819469 ,0.00%, 2 ,"195,970"," 34,000 ",46.2," 22,089,610 "," 228,762 ",61.2,26.6,4.1,19.9,49.4,"18,291,077",1,3,3,0.87
41250,Gyeonggi,동두천시,Dongducheon-si,Si,3,,, -   ,15203 ,0.016%,0.000%,0 ,0 ,3.305 ,3.61 ,4.36 ,3.97 ,3.07 ,1.52 ,346046 ,0.00%, 2 ,"42,455"," 6,204 ",21.9," 1,507,463 "," 37,002 ",100.0,17.4,3.1,3.0,76.5,"2,417,308",1,0,1,0.81
41270,Gyeonggi,안산시,Ansan-si,Si,1,U-city(시범도시),, -   ,42381 ,0.006%,0.008%,0 ,4 ,3.195 ,3.38 ,4.28 ,3.70 ,3.04 ,1.58 ,2567046 ,0.00%, 1 ,"280,524"," 53,134 ",48.1," 22,711,620 "," 291,524 ",100.0,15.4,2.0,11.1,71.5,"15,704,588",9,9,2,0.81
41280,Gyeonggi,고양시,Goyang-si,Si,1,고양삼송(06~16),,2013,65115 ,0.014%,0.003%,1 ,3 ,3.427 ,3.76 ,4.53 ,3.95 ,3.34 ,1.56 ,4030098 ,0.00%, 1 ,"401,772"," 63,642 ",50.2," 16,474,577 "," 384,526 ",100.0,19.0,2.9,0.0,78.1,"20,723,010",19,1,6,0.85
41290,Gyeonggi,과천시,Gwacheon-si,Si,3,,,2018,9224 ,0.000%,0.000%,1 ,0 ,3.603 ,4.00 ,4.54 ,4.09 ,3.77 ,1.62 ,293588 ,0.00%, 2 ,"23,454"," 3,740 ",48.2," 2,762,181 "," 22,351 ",100.0,11.0,0.5,0.0,88.5,"1,914,295",7,1,1,1.40
41310,Gyeonggi,구리시,Guri-si,Si,3,,, -   ,17776 ,0.000%,0.000%,1 ,0 ,3.392 ,3.84 ,4.38 ,3.96 ,3.26 ,1.51 ,708856 ,0.00%, 2 ,"74,499"," 13,758 ",40.0," 3,417,142 "," 65,687 ",100.0,21.2,2.2,0.0,76.6,"3,616,760",14,0,1,1.15
41360,Gyeonggi,남양주시,Namyangju-si,Si,1,"남양주별내(05~16), U-city(시범도시), 유비쿼터스 도시계획",,2010,69865 ,0.000%,0.000%,0 ,3 ,3.300 ,3.53 ,4.46 ,3.87 ,3.12 ,1.51 ,2352924 ,0.00%, 1 ,"251,335"," 36,225 ",40.3," 7,041,263 "," 256,286 ",67.5,16.0,0.6,0.2,83.2,"16,506,120",9,0,3,0.57
41370,Gyeonggi,오산시,Osan-si,Si,1,유비쿼터스 도시계획,,2010,8592 ,0.008%,0.000%,0 ,3 ,3.262 ,3.37 ,4.55 ,3.97 ,3.07 ,1.35 ,753162 ,0.00%, 1 ,"82,581"," 11,665 ",45.6," 4,723,190 "," 88,232 ",100.0,25.6,2.5,5.5,66.4,"4,817,331",5,1,3,0.86
41390,Gyeonggi,시흥시,Siheung-si,Si,1,"시흥목감(07~15), 유비쿼터스 도시계획",,2019,20812 ,0.003%,0.000%,0 ,3 ,3.185 ,3.37 ,4.14 ,3.68 ,3.16 ,1.57 ,1446651 ,0.00%, 2 ,"159,978"," 38,842 ",55.6," 10,641,052 "," 188,788 ",100.0,16.7,1.4,7.9,74.0,"16,585,800",9,1,1,1.16
41410,Gyeonggi,군포시,Gunpo-si,Si,3,,, -   ,15691 ,0.000%,0.000%,0 ,0 ,3.405 ,3.83 ,4.52 ,3.89 ,3.23 ,1.56 ,849029 ,0.00%, 2 ,"106,646"," 17,132 ",46.2," 5,813,944 "," 98,576 ",100.0,21.8,1.8,6.4,70.0,"3,870,700",3,0,2,0.77
41430,Gyeonggi,의왕시,Uiwang-si,Si,3,,,2018,11753 ,0.000%,0.000%,0 ,0 ,3.392 ,3.73 ,4.45 ,3.88 ,3.37 ,1.54 ,584416 ,0.00%, 2 ,"58,808"," 8,498 ",46.0," 2,600,241 "," 59,083 ",100.0,11.8,0.5,2.1,85.6,"3,625,838",2,2,0,0.92
41450,Gyeonggi,하남시,Hanam-si,Si,3,,, -   ,15539 ,0.000%,0.000%,0 ,0 ,3.486 ,3.76 ,4.57 ,4.13 ,3.46 ,1.51 ,1101839 ,0.00%, 1 ,"84,289"," 13,154 ",53.8," 3,300,759 "," 83,957 ",100.0,14.7,1.2,0.2,83.9,"6,242,398",7,0,0,1.55
41460,Gyeonggi,용인시,Yongin-si,Si,2,유비쿼터스 도시계획,용인흥덕(04-10),2010,103932 ,0.012%,0.003%,2 ,4 ,3.477 ,3.51 ,4.50 ,3.93 ,3.82 ,1.63 ,4615311 ,0.00%, 2 ,"363,559"," 48,111 ",61.9," 32,604,375 "," 410,302 ",37.7,9.4,1.0,1.1,88.4,"22,998,909",8,14,3,1.07
41480,Gyeonggi,파주시,Paju-si,Si,2,유비쿼터스 도시계획,"파주운정1,2(03-14)",2009,66653 ,0.007%,0.000%,0 ,3 ,3.330 ,3.63 ,4.39 ,3.91 ,3.20 ,1.52 ,1905335 ,0.00%, 1 ,"175,089"," 27,220 ",43.6," 12,464,380 "," 188,998 ",38.4,27.3,2.7,9.5,60.5,"14,202,865",14,0,3,1.10
41500,Gyeonggi,이천시,Icheon-si,Si,3,,, -   ,74742 ,0.006%,0.000%,0 ,1 ,3.222 ,3.19 ,4.33 ,3.93 ,3.10 ,1.56 ,1174654 ,0.00%, 2 ,"84,339"," 15,666 ",51.1," 9,708,695 "," 103,421 ",30.8,8.0,0.8,4.0,87.2,"7,214,844",5,0,1,1.53
41550,Gyeonggi,안성시,Anseong-si,Si,3,,, -   ,80105 ,0.007%,0.000%,1 ,2 ,3.185 ,3.45 ,4.29 ,3.74 ,2.95 ,1.50 ,1000116 ,0.01%, 2 ,"76,291"," 13,955 ",37.5," 6,402,213 "," 94,666 ",10.3,6.4,0.7,3.4,89.5,"7,719,099",3,4,2,1.22
41570,Gyeonggi,김포시,Gimpo-si,Si,1,"김포한강(06~16), 유비쿼터스 도시계획",,2010,33145 ,0.007%,0.000%,0 ,0 ,3.395 ,3.59 ,4.52 ,3.98 ,3.35 ,1.54 ,1402164 ,0.00%, 2 ,"139,498"," 27,252 ",50.0," 7,115,210 "," 163,089 ",45.9,18.6,2.0,4.5,74.9,"13,576,772",6,0,2,0.69
41590,Gyeonggi,화성시,Hwaseong-si,Si,2,"화성향남1(02~08), 화성동탄신단(09~14), 화성향남2(06~16), U-city(시범도시), 유비쿼터스 도시계획",화성동탄1(01-08),2010,68670 ,0.010%,0.003%,0 ,0 ,3.190 ,3.33 ,4.32 ,3.67 ,3.08 ,1.55 ,3107254 ,0.00%, 2 ,"245,921"," 54,745 ",64.2," 39,455,203 "," 318,430 ",39.2,16.4,1.9,4.8,76.0,"38,332,197",8,3,3,0.94
41610,Gyeonggi,광주시,Gwangju-si,Si,3,,, -   ,46400 ,0.011%,0.005%,0 ,1 ,3.274 ,3.30 ,4.45 ,3.87 ,3.19 ,1.56 ,1301092 ,0.00%, 1 ,"131,303"," 25,603 ",51.6," 6,227,663 "," 162,368 ",54.7,6.1,0.2,0.3,92.9,"10,214,114",10,1,2,0.90
41630,Gyeonggi,양주시,Yangju-si,Si,3,,,2009,49720 ,0.006%,0.000%,0 ,2 ,3.278 ,3.49 ,4.58 ,3.92 ,3.07 ,1.34 ,907645 ,0.00%, 3 ,"80,790"," 16,235 ",38.9," 4,720,646 "," 88,763 ",41.0,17.7,0.4,2.1,79.3,"16,518,254",7,1,1,1.20
41650,Gyeonggi,포천시,Pocheon-si,Si,3,,, -   ,125314 ,0.006%,0.000%,0 ,3 ,3.178 ,3.29 ,4.37 ,3.81 ,2.91 ,1.52 ,1019938 ,0.00%, 2 ,"68,354"," 17,866 ",29.8," 4,470,975 "," 89,177 ",9.9,22.3,1.5,5.9,70.4,"7,103,612",3,0,1,2.74
41670,Gyeonggi,여주시,Yeoju-si,Si,3,,, -   ,51081 ,0.012%,0.000%,0 ,1 ,3.252 ,3.33 ,4.30 ,3.78 ,3.19 ,1.66 ,705792 ,0.00%, 2 ,"47,889"," 8,348 ",36.8," 2,632,780 "," 63,888 ",24.4,9.5,0.9,3.6,86.1,"3,771,971",5,1,0,1.86
41800,Gyeonggi,연천군,Yeoncheon-gun,Gun,3,,, -   ,55145 ,0.000%,0.000%,0 ,5 ,3.371 ,3.47 ,4.44 ,4.08 ,3.37 ,1.50 ,345440 ,0.00%, 1 ,"21,656"," 3,592 ",20.4," 985,918 "," 27,588 ",21.2,13.6,1.6,3.0,81.8,"2,948,471",2,1,1,1.15
41820,Gyeonggi,가평군,Gapyeong-gun,Gun,3,,, -   ,129924 ,0.031%,0.000%,1 ,2 ,3.090 ,2.94 ,4.44 ,3.65 ,2.77 ,1.64 ,568899 ,0.00%, -   ,"29,212"," 6,316 ",26.2," 1,470,432 "," 28,448 ",17.2,7.1,0.6,0.1,92.2,"9,561,541",2,3,0,1.23
41830,Gyeonggi,양평군,Yangpyeong-gun,Gun,3,,, -   ,111240 ,0.064%,0.025%,0 ,0 ,3.514 ,3.60 ,4.58 ,4.15 ,3.55 ,1.68 ,728328 ,0.00%, 1 ,"50,544"," 8,068 ",23.3," 1,687,548 "," 53,393 ",4.8,6.4,0.6,0.2,92.8,"7,320,612",1,0,0,0.54
42110,Gangwon,춘천시,Chuncheon-si,Si,3,,, -   ,170928 ,0.013%,0.007%,1 ,2 ,3.412 ,3.50 ,4.19 ,3.61 ,3.04 ,2.73 ,1460057 ,0.00%, 1 ,"117,014"," 21,690 ",27.7," 6,484,502 "," 124,088 ",9.9,6.4,0.5,0.8,92.3,"13,798,787",9,4,2,1.53
42130,Gangwon,원주시,Wonju-si,Si,1,"강원혁신(07~15), 기업도시(07~12), 유비쿼터스 도시계획",,2010,120964 ,0.048%,0.038%,0 ,2 ,3.412 ,3.50 ,4.19 ,3.61 ,3.04 ,2.73 ,1638746 ,0.01%, 1 ,"142,136"," 28,167 ",29.7," 7,945,326 "," 154,605 ",21.8,28.9,2.8,7.3,61.1,"17,084,843",12,2,1,0.79
42150,Gangwon,강릉시,Gangneung-si,Si,1,"U-city(시범도시, 기반조성)",, -   ,212120 ,0.024%,0.008%,0 ,0 ,3.412 ,3.50 ,4.19 ,3.61 ,3.04 ,2.73 ,1484791 ,0.00%, 1 ,"94,781"," 20,015 ",19.7," 4,854,518 "," 101,698 ",13.2,19.9,2.2,6.4,63.8,"12,010,774",8,8,2,1.80
42170,Gangwon,동해시,Donghae-si,Si,3,,, -   ,"33,976",0.000%,0.000%,0 ,1 ,3.412 ,3.50 ,4.19 ,3.61 ,3.04 ,2.73 ,504058 ,0.00%, 1 ,"40,468"," 7,890 ",19.9," 2,616,335 "," 42,540 ",100.0,10.6,1.8,7.0,66.1,"7,244,804",0,1,1,1.40
42190,Gangwon,태백시,Taebaek-si,Si,3,,, -   ,"53,486",0.022%,0.000%,0 ,2 ,3.412 ,3.50 ,4.19 ,3.61 ,3.04 ,2.73 ,235804 ,0.00%, 1 ,"22,265"," 4,402 ",30.6," 962,500 "," 20,981 ",100.0,12.6,1.9,2.1,83.4,"2,263,020",1,0,0,0.97
42210,Gangwon,속초시,Sokcho-si,Si,3,,, -   ,"26,096",0.035%,0.019%,0 ,0 ,3.412 ,3.50 ,4.19 ,3.61 ,3.04 ,2.73 ,425292 ,0.00%, 1 ,"37,193"," 8,365 ",25.2," 1,590,908 "," 34,917 ",100.0,14.9,5.5,2.6,65.0,"3,394,604",3,0,0,1.91
42230,Gangwon,삼척시,Samcheok-si,Si,1,U-city(시범도시),, -   ,"215,057",0.015%,0.000%,0 ,1 ,3.412 ,3.50 ,4.19 ,3.61 ,3.04 ,2.73 ,535724 ,0.00%, 1 ,"34,147"," 6,513 ",20.5," 2,273,273 "," 30,170 ",33.3,12.6,1.3,8.9,71.0,"8,414,289",3,3,1,2.08
42720,Gangwon,홍천군,Hongcheon-gun,Gun,3,,, -   ,"354,941",0.081%,0.065%,0 ,1 ,3.412 ,3.50 ,4.19 ,3.61 ,3.04 ,2.73 ,538308 ,0.00%, 1 ,"31,851"," 6,139 ",19.4," 2,282,339 "," 36,016 ",5.9,13.0,1.3,3.2,82.5,"7,168,545",1,1,0,1.14
42730,Gangwon,횡성군,Hoengseong-gun,Gun,3,,, -   ,"145,722",0.051%,0.000%,0 ,0 ,3.412 ,3.50 ,4.19 ,3.61 ,3.04 ,2.73 ,342076 ,0.00%, 1 ,"21,283"," 3,808 ",18.5," 1,526,629 "," 23,820 ",7.3,25.9,3.8,11.8,58.4,"5,587,624",3,1,0,1.29
42750,Gangwon,영월군,Yeongwol-gun,Gun,3,,, -   ,"165,036",0.053%,0.000%,0 ,0 ,3.412 ,3.50 ,4.19 ,3.61 ,3.04 ,2.73 ,240299 ,0.00%, 1 ,"20,255"," 3,691 ",21.6," 1,297,094 "," 19,774 ",27.7,13.2,2.1,4.1,80.6,"3,010,313",4,1,1,0.81
42760,Gangwon,평창군,Pyeongchang-gun,Gun,3,,, -   ,"213,609",0.000%,0.000%,0 ,0 ,3.412 ,3.50 ,4.19 ,3.61 ,3.04 ,2.73 ,443816 ,0.00%, 1 ,"20,745"," 4,341 ",12.8," 1,698,594 "," 24,450 ",11.0,28.1,2.9,0.0,69.0,"6,130,197",2,1,0,1.34
42770,Gangwon,정선군,Jeongseon-gun,Gun,3,,, -   ,"226,206",0.000%,0.000%,0 ,1 ,3.412 ,3.50 ,4.19 ,3.61 ,3.04 ,2.73 ,123349 ,0.00%, 1 ,"19,571"," 3,902 ",31.2," 1,329,883 "," 19,718 ",35.5,11.8,2.6,1.4,84.1,"5,681,617",0,1,0,1.71
42780,Gangwon,철원군,Cheorwon-gun,Gun,3,,, -   ,"90,273",0.080%,0.107%,0 ,0 ,3.412 ,3.50 ,4.19 ,3.61 ,3.04 ,2.73 ,376501 ,0.00%, 1 ,"21,778"," 3,682 ",13.1," 1,592,046 "," 22,620 ",54.7,23.3,2.8,1.5,72.4,"5,400,984",3,2,0,1.16
42790,Gangwon,화천군,Hwacheon-gun,Gun,3,,, -   ,"151,198",0.000%,0.000%,0 ,0 ,3.412 ,3.50 ,4.19 ,3.61 ,3.04 ,2.73 ,200977 ,0.00%, 1 ,"13,207"," 2,106 ",17.3," 1,211,752 "," 11,823 ",32.1,17.1,2.1,0.2,80.6,"2,425,001",3,2,0,1.89
42800,Gangwon,양구군,Yanggu-gun,Gun,3,,, -   ,"84,902",0.102%,0.000%,0 ,0 ,3.412 ,3.50 ,4.19 ,3.61 ,3.04 ,2.73 ,185889 ,0.00%, 1 ,"11,355"," 1,858 ",17.2," 867,428 "," 11,167 ",26.3,38.0,4.4,1.7,55.9,"2,283,251",1,0,0,1.50
42810,Gangwon,인제군,Inje-gun,Gun,3,,, -   ,"347,968",0.030%,0.000%,0 ,1 ,3.412 ,3.50 ,4.19 ,3.61 ,3.04 ,2.73 ,295306 ,0.00%, 2 ,"15,426"," 3,353 ",10.7," 1,381,148 "," 16,677 ",19.2,23.0,3.8,1.5,71.8,"4,651,188",1,0,0,2.56
42820,Gangwon,강원고성군,Goseong-gun,Gun,3,,, -   ,"86,437",0.069%,0.000%,0 ,1 ,3.412 ,3.50 ,4.19 ,3.61 ,3.04 ,2.73 ,134307 ,0.00%, 1 ,"15,377"," 2,804 ",13.7," 951,171 "," 13,575 ",38.9,24.2,3.2,1.6,67.4,"3,607,244",1,1,2,1.66
42830,Gangwon,양양군,Yangyang-gun,Gun,3,,, -   ,"137,778",0.026%,0.000%,0 ,0 ,3.412 ,3.50 ,4.19 ,3.61 ,3.04 ,2.73 ,198297 ,0.00%, 1 ,"13,402"," 3,726 ",11.6," 872,718 "," 13,694 ",5.1,21.0,3.5,0.2,72.7,"2,813,295",0,0,0,1.73
43110,Chungbuk,청주시,Cheongju-si,Si,3,,, -   ,"37,497",0.030%,0.012%,1 ,1 ,3.679 ,3.34 ,4.15 ,3.51 ,3.76 ,3.63 ,3751624 ,0.00%, 2 ,"341,596"," 59,939 ",35.8," 16,232,249 "," 381,390 ",35.1,11.7,1.4,5.4,81.3,"30,058,657",6,6,7,1.45
43130,Chungbuk,충주시,Chungju-si,Si,1,U-city(기반조성),, -   ,"109,096",0.045%,0.022%,0 ,0 ,3.699 ,3.14 ,4.14 ,3.64 ,3.77 ,3.81 ,1092617 ,0.00%, 1 ,"88,900"," 17,667 ",19.4," 5,612,163 "," 100,048 ",14.8,13.4,2.5,9.0,75.1,"16,133,775",1,0,2,1.64
43150,Chungbuk,제천시,Jecheon-si,Si,1,U-city(기반조성),, -   ,"94,577",0.008%,0.000%,0 ,0 ,3.717 ,3.19 ,4.10 ,3.63 ,3.90 ,3.76 ,693732 ,0.00%, 1 ,"60,946"," 12,733 ",20.4," 2,527,357 "," 64,834 ",27.1,12.0,2.1,5.8,80.2,"5,387,817",2,0,0,0.84
43720,Chungbuk,보은군,Boeun-gun,Gun,3,,, -   ,"58,867",0.000%,0.000%,0 ,0 ,3.705 ,3.10 ,3.85 ,3.71 ,4.03 ,3.85 ,201122 ,0.00%, 1 ,"16,304"," 2,948 ",10.2," 916,525 "," 17,456 ",10.7,16.5,1.8,19.5,62.3,"4,609,097",2,0,0,0.96
43730,Chungbuk,옥천군,Okcheon-gun,Gun,3,,, -   ,"48,162",0.025%,0.000%,0 ,0 ,3.563 ,3.11 ,3.85 ,3.57 ,3.52 ,3.77 ,334571 ,0.00%, 1 ,"23,092"," 4,036 ",18.1," 1,180,733 "," 25,424 ",8.9,7.7,0.8,4.5,87.1,"2,447,015",3,0,0,1.17
43740,Chungbuk,영동군,Yeongdong-gun,Gun,3,,, -   ,"76,946",0.028%,0.000%,0 ,0 ,3.717 ,3.22 ,4.00 ,3.65 ,3.81 ,3.91 ,240166 ,0.00%, -   ,"23,840"," 3,589 ",17.9," 986,141 "," 24,076 ",11.9,12.4,1.2,7.2,79.2,"5,474,349",2,0,0,0.91
43745,Chungbuk,증평군,Jeungpyeong-gun,Gun,3,,, -   ,"11,557",0.035%,0.000%,0 ,0 ,3.795 ,3.16 ,4.29 ,3.74 ,3.92 ,3.87 ,164469 ,0.00%, 1 ,"16,238"," 2,814 ",30.8," 1,058,807 "," 17,838 ",67.7,22.5,2.4,21.8,53.2,"6,168,591",6,0,0,1.13
43750,Chungbuk,진천군,Jincheon-gun,Gun,1,충북혁신(07~15),, -   ,"46,233",0.016%,0.000%,0 ,0 ,3.723 ,3.06 ,4.17 ,3.65 ,3.94 ,3.79 ,521465 ,0.00%, 2 ,"30,746"," 6,301 ",14.1," 4,304,677 "," 38,230 ",17.3,13.2,1.5,14.9,70.4,"4,706,166",0,1,0,1.50
43760,Chungbuk,괴산군,Goesan-gun,Gun,3,,, -   ,"93,935",0.000%,0.000%,1 ,0 ,3.739 ,3.11 ,4.07 ,3.72 ,3.94 ,3.87 ,227063 ,0.00%, 1 ,"19,905"," 2,792 ",27.5," 930,014 "," 20,823 ",5.9,27.1,3.9,24.0,45.1,"9,605,537",5,0,1,0.83
43770,Chungbuk,음성군,Eumseong-gun,Gun,1,충북혁신(07~15),, -   ,"50,314",0.000%,0.000%,1 ,1 ,3.610 ,2.93 ,4.07 ,3.35 ,3.87 ,3.84 ,379444 ,0.00%, -   ,"44,649"," 9,023 ",21.5," 4,352,969 "," 55,016 ",30.3,6.6,1.2,6.9,85.4,"5,762,240",0,0,0,1.56
43800,Chungbuk,단양군,Danyang-gun,Gun,3,,, -   ,"99,272",0.033%,0.000%,0 ,0 ,3.709 ,3.18 ,4.07 ,3.70 ,3.81 ,3.78 ,222619 ,0.00%, 1 ,"14,744"," 2,993 ",18.1," 1,128,159 "," 15,529 ",18.1,20.7,1.8,12.1,65.4,"2,632,485",2,0,0,1.09
44130,Chungnam,천안시,Cheonan-si,Si,2,유비쿼터스 도시계획,아산배방(04~13), -   ,"107,815",0.014%,0.004%,0 ,2 ,3.679 ,3.20 ,4.17 ,3.65 ,3.66 ,3.72 ,2638360 ,0.00%, 2 ,"254,676"," 47,362 ",44.1," 26,803,015 "," 286,786 ",41.8,24.5,2.3,8.6,64.6,"19,913,882",5,5,2,1.43
44150,Chungnam,공주시,Gongju-si,Si,3,,, -   ,"129,956",0.022%,0.000%,1 ,0 ,3.717 ,3.24 ,4.17 ,3.65 ,3.67 ,3.86 ,596052 ,0.00%, 2 ,"48,835"," 8,852 ",19.9," 3,679,503 "," 52,504 ",22.3,10.0,0.9,5.5,83.6,"12,309,556",2,1,1,1.28
44180,Chungnam,보령시,Boryeong-si,Si,3,,, -   ,"77,126",0.000%,0.000%,0 ,0 ,3.696 ,3.25 ,4.17 ,3.65 ,3.74 ,3.67 ,725926 ,0.00%, 1 ,"47,011"," 8,656 ",20.9," 4,100,915 "," 49,465 ",19.7,13.7,1.8,25.4,54.4,"13,278,685",2,0,0,1.40
44200,Chungnam,아산시,Asan-si,Si,2,,아산배방(04~13),2012,"78,640",0.028%,0.007%,0 ,3 ,3.649 ,3.12 ,4.17 ,3.65 ,3.61 ,3.70 ,1577925 ,0.16%, 1 ,"124,223"," 20,936 ",45.5," 28,919,623 "," 147,798 ",24.7,21.3,3.0,15.5,60.2,"10,065,389",2,0,0,0.98
44210,Chungnam,서산시,Seosan-si,Si,3,,, -   ,"69,203",0.016%,0.000%,0 ,3 ,3.688 ,3.18 ,4.17 ,3.65 ,3.54 ,3.91 ,0 ,0.00%, 2 ,"70,991"," 12,128 ",31.8," 12,700,376 "," 84,886 ",21.9,6.2,0.5,13.6,53.5,"16,542,412",5,1,1,0.99
44230,Chungnam,논산시,Nonsan-si,Si,3,,, -   ,"64,652",0.000%,0.000%,0 ,2 ,3.770 ,3.30 ,4.17 ,3.65 ,3.98 ,3.75 ,604019 ,0.00%, 1 ,"56,347"," 10,402 ",16.4," 3,431,988 "," 58,892 ",15.2,15.2,1.4,4.0,79.4,"14,166,682",5,0,1,1.41
44250,Chungnam,계룡시,Gyeryong-si,Si,1,U-city(기반조성),, -   ,"8,181",0.000%,0.000%,0 ,0 ,3.656 ,3.17 ,4.17 ,3.65 ,3.52 ,3.77 ,216289 ,0.00%, 2 ,"14,858"," 2,132 ",24.8," 837,215 "," 19,898 ",4.8,7.6,0.7,1.5,90.2,"2,483,640",3,0,0,1.05
44270,Chungnam,당진시,Dangjin-si,Si,3,,, -   ,"82,557",0.016%,0.000%,0 ,5 ,3.697 ,3.10 ,4.17 ,3.65 ,3.76 ,3.81 ,894482 ,0.00%, 2 ,"73,434"," 12,279 ",34.8," 12,634,669 "," 87,828 ",26.0,11.6,1.5,43.8,39.4,"14,231,899",6,0,2,1.10
44710,Chungnam,금산군,Geumsan-gun,Gun,3,,, -   ,"62,985",0.121%,0.059%,0 ,0 ,3.635 ,3.14 ,4.17 ,3.65 ,3.59 ,3.63 ,274222 ,0.00%, 1 ,"25,342"," 5,604 ",19.4," 2,156,528 "," 28,983 ",3.8,13.0,1.4,3.6,82.0,"1,551,487",1,0,0,1.01
44760,Chungnam,부여군,Buyeo-gun,Gun,3,,, -   ,"60,611",0.000%,0.000%,0 ,0 ,3.674 ,3.07 ,4.17 ,3.65 ,3.53 ,3.95 ,289472 ,0.00%, 1 ,"32,903"," 4,919 ",11.1," 1,848,023 "," 33,577 ",9.5,7.9,1.3,0.5,90.2,"1,922,690",5,0,0,1.10
44770,Chungnam,서천군,Seocheon-gun,Gun,3,,, -   ,"29,061",0.000%,0.000%,0 ,0 ,3.777 ,3.30 ,4.17 ,3.65 ,3.82 ,3.95 ,347586 ,0.00%, 1 ,"26,583"," 4,622 ",12.7," 2,037,957 "," 26,820 ",12.7,19.3,2.5,16.1,60.4,"5,650,758",0,0,0,1.29
44790,Chungnam,청양군,Cheongyang-gun,Gun,3,,, -   ,"53,300",0.192%,0.074%,0 ,0 ,3.636 ,3.38 ,4.17 ,3.65 ,3.42 ,3.56 ,147561 ,0.00%, 1 ,"15,668"," 2,981 ",16.2," 1,027,286 "," 16,603 ",7.5,21.5,1.9,5.5,71.2,"792,027",1,0,0,0.80
44800,Chungnam,홍성군,Hongseong-gun,Gun,3,,, -   ,"103,047",0.013%,0.000%,0 ,0 ,3.600 ,3.03 ,4.17 ,3.65 ,3.36 ,3.80 ,480185 ,0.03%, 1 ,"43,555"," 7,927 ",20.3," 2,972,242 "," 48,530 ",14.8,24.1,2.5,6.3,66.8,"4,115,577",1,1,1,0.79
44810,Chungnam,예산군,Yesan-gun,Gun,3,,, -   ,"67,411",0.000%,0.000%,0 ,0 ,3.684 ,3.17 ,4.17 ,3.65 ,3.65 ,3.79 ,408220 ,0.00%, 1 ,"37,251"," 6,871 ",15.3," 3,054,792 "," 41,123 ",17.0,18.2,1.6,10.5,69.7,"6,686,519",1,2,1,0.89
44825,Chungnam,태안군,Taean-gun,Gun,3,,, -   ,"37,529",0.050%,0.032%,0 ,4 ,3.694 ,2.94 ,4.17 ,3.65 ,3.91 ,3.81 ,846450 ,0.00%, 2 ,"30,617"," 5,941 ",19.7," 2,715,205 "," 31,451 ",34.7,12.9,4.7,8.0,74.5,"10,202,544",6,1,0,1.29
45110,Jeonbuk,전주시,Jeonju-si,Si,1,"전북혁신(07~15), U-city(시범도시)",, -   ,"30,775",0.019%,0.010%,0 ,9 ,3.153 ,3.01 ,3.91 ,3.31 ,2.95 ,2.58 ,3046297 ,0.00%, 2 ,"258,006"," 52,628 ",32.2," 12,082,387 "," 296,296 ",100.0,17.8,2.3,3.3,76.6,"15,552,787",16,2,0,1.12
45130,Jeonbuk,군산시,Gunsan-si,Si,3,,, -   ,"39,841",0.009%,0.000%,0 ,4 ,3.334 ,3.03 ,4.12 ,3.48 ,3.23 ,2.82 ,1193249 ,0.00%, 3 ,"115,329"," 22,221 ",26.6," 9,949,215 "," 128,250 ",34.7,9.2,2.0,13.3,39.5,"14,448,165",2,3,2,1.09
45140,Jeonbuk,익산시,Iksan-si,Si,3,,, -   ,"71,669",0.026%,0.015%,0 ,1 ,3.245 ,3.07 ,3.73 ,3.31 ,2.99 ,3.13 ,1262498 ,0.00%, 2 ,"123,675"," 23,055 ",20.9," 6,954,851 "," 136,304 ",20.1,23.4,2.5,14.3,59.8,"11,075,788",2,1,1,0.88
45180,Jeonbuk,정읍시,Jeongeup-si,Si,3,,, -   ,"106,318",0.000%,0.000%,0 ,0 ,3.286 ,2.97 ,3.89 ,3.45 ,2.99 ,3.14 ,533723 ,0.17%, 1 ,"52,330"," 8,989 ",14.3," 2,753,347 "," 52,147 ",22.8,23.5,2.7,7.0,66.8,"10,613,326",1,6,1,0.76
45190,Jeonbuk,남원시,Namwon-si,Si,3,,, -   ,"117,242",0.000%,0.000%,0 ,2 ,3.302 ,2.96 ,3.93 ,3.60 ,3.15 ,2.87 ,371356 ,0.17%, 1 ,"37,529"," 7,171 ",11.9," 1,671,867 "," 40,730 ",16.2,21.5,3.2,3.6,71.7,"9,035,003",2,1,1,1.10
45210,Jeonbuk,김제시,Gimje-si,Si,3,,, -   ,"56,359",0.206%,0.062%,1 ,3 ,3.060 ,2.84 ,3.62 ,3.27 ,2.95 ,2.63 ,0 ,0.00%, 2 ,"41,601"," 7,126 ",13.7," 2,691,070 "," 43,867 ",18.4,18.1,2.3,7.1,72.5,"8,412,622",1,1,1,0.99
45710,Jeonbuk,완주군,Wanju-gun,Gun,1,전북혁신(07~15),, -   ,"104,763",0.030%,0.000%,0 ,0 ,3.088 ,2.94 ,3.73 ,3.21 ,2.98 ,2.58 ,2983412 ,0.00%, 1 ,"41,204"," 6,475 ",31.1," 4,658,378 "," 51,072 ",13.8,4.4,0.5,4.6,90.6,"11,339,676",8,3,0,1.06
45720,Jeonbuk,진안군,Jinan-gun,Gun,3,,, -   ,"99,976",0.000%,0.000%,0 ,0 ,3.164 ,3.12 ,3.73 ,3.40 ,2.99 ,2.58 ,120769 ,0.00%, 1 ,"12,654"," 1,811 ",15.2," 632,338 "," 12,925 ",14.7,13.8,2.2,0.6,83.4,"3,122,406",1,1,0,0.56
45730,Jeonbuk,무주군,Muju-gun,Gun,3,,, -   ,"100,621",0.044%,0.000%,1 ,0 ,3.340 ,3.16 ,3.96 ,3.57 ,3.16 ,2.85 ,0 ,0.00%, 1 ,"11,893"," 2,270 ",17.9," 733,608 "," 12,131 ",12.6,16.0,2.8,0.5,80.6,"3,985,982",0,1,0,1.15
45740,Jeonbuk,장수군,Jangsu-gun,Gun,3,,, -   ,"78,921",0.000%,0.000%,0 ,0 ,3.239 ,2.99 ,3.79 ,3.45 ,3.08 ,2.89 ,121473 ,0.00%, 2 ,"11,123"," 1,475 ",16.7," 536,214 "," 11,454 ",19.1,22.1,3.4,1.5,73.0,"2,576,129",0,2,0,0.92
45750,Jeonbuk,임실군,Imsil-gun,Gun,3,,, -   ,"71,990",0.093%,0.000%,0 ,0 ,2.982 ,3.05 ,3.36 ,3.00 ,2.83 ,2.67 ,137637581 ,0.00%, 1 ,"14,332"," 2,209 ",15.6," 749,838 "," 13,922 ",11.3,12.3,1.5,4.2,82.0,"3,902,542",1,1,0,0.50
45770,Jeonbuk,순창군,Sunchang-gun,Gun,3,,, -   ,"62,961",0.093%,0.000%,0 ,1 ,3.464 ,3.15 ,4.01 ,3.71 ,3.33 ,3.12 ,112125269 ,0.00%, 1 ,"13,819"," 2,136 ",13.1," 760,451 "," 13,854 ",4.3,8.5,1.2,0.0,90.2,"5,436,090",1,4,0,0.50
45790,Jeonbuk,고창군,Gochang-gun,Gun,3,,, -   ,"59,962",0.189%,0.110%,0 ,1 ,3.103 ,2.85 ,3.67 ,3.32 ,3.00 ,2.68 ,0 ,0.00%, 2 ,"28,900"," 5,088 ",15.4," 1,425,975 "," 29,309 ",7.0,14.3,1.6,3.3,80.8,"7,848,621",1,1,0,0.73
45800,Jeonbuk,부안군,Buan-gun,Gun,3,,, -   ,"46,347",0.041%,0.000%,0 ,0 ,2.942 ,2.79 ,3.46 ,3.09 ,2.77 ,2.60 ,283426 ,0.00%, 1 ,"27,689"," 4,851 ",16.3," 1,295,064 "," 26,741 ",5.0,15.2,1.1,3.2,79.5,"7,682,199",5,1,0,0.75
46110,Jeonnam,목포시,Mokpo-si,Si,3,,, -   ,"23,946",0.023%,0.021%,0 ,4 ,3.292 ,3.48 ,3.90 ,3.48 ,2.94 ,2.66 ,1141989 ,0.00%, 2 ,"101,180"," 20,867 ",23.5," 3,886,589 "," 96,797 ",100.0,13.1,1.8,7.5,26.5,"6,525,832",3,1,1,1.13
46130,Jeonnam,여수시,Yeosu-si,Si,1,"U-city(시범도시), 유비쿼터스 도시계획",, -   ,"85,902",0.025%,0.020%,1 ,0 ,3.292 ,3.48 ,3.90 ,3.48 ,2.94 ,2.66 ,1524028 ,0.00%, 2 ,"118,910"," 23,099 ",30.8," 20,702,790 "," 124,848 ",46.0,7.5,0.9,17.1,62.2,"14,946,076",15,0,1,1.48
46150,Jeonnam,순천시,Suncheon-si,Si,3,,, -   ,"110,111",0.031%,0.013%,0 ,6 ,3.292 ,3.48 ,3.90 ,3.48 ,2.94 ,2.66 ,1143155 ,0.00%, 1 ,"109,650"," 22,155 ",26.2," 5,477,390 "," 126,371 ",19.9,10.4,1.5,2.4,85.7,"14,467,323",7,2,3,0.86
46170,Jeonnam,나주시,Naju-si,Si,1,"광주전남혁신(07~15), U-city(시범도시)",,2010,"76,465",0.062%,0.098%,0 ,2 ,3.292 ,3.48 ,3.90 ,3.48 ,2.94 ,2.66 ,498366 ,0.00%, 2 ,"49,378"," 7,542 ",17.5," 3,708,422 "," 54,698 ",20.1,15.9,1.3,3.6,79.3,"9,214,300",5,2,1,0.80
46230,Jeonnam,광양시,Gwangyang-si,Si,3,,, -   ,"55,319",0.075%,0.022%,0 ,2 ,3.292 ,3.48 ,3.90 ,3.48 ,2.94 ,2.66 ,589149 ,0.00%, 1 ,"61,487"," 11,348 ",35.5," 9,632,766 "," 79,831 ",29.1,10.0,1.3,27.4,47.3,"14,705,764",7,0,2,1.57
46710,Jeonnam,담양군,Damyang-gun,Gun,3,,, -   ,"60,187",0.053%,0.000%,0 ,1 ,3.292 ,3.48 ,3.90 ,3.48 ,2.94 ,2.66 ,193767 ,0.00%, 1 ,"22,334"," 3,714 ",16.6," 1,234,522 "," 25,636 ",6.5,7.3,0.3,0.7,91.8,"3,772,857",1,0,1,0.32
46720,Jeonnam,곡성군,Gokseong-gun,Gun,3,,, -   ,"66,509",0.000%,0.000%,0 ,0 ,3.292 ,3.48 ,3.90 ,3.48 ,2.94 ,2.66 ,125882 ,0.03%, 1 ,"14,960"," 2,042 ",12.7," 916,919 "," 14,702 ",9.6,14.2,2.1,1.6,82.1,"3,434,371",2,0,0,0.83
46730,Jeonnam,구례군,Gurye-gun,Gun,3,,, -   ,"66,370",0.000%,0.000%,0 ,0 ,3.292 ,3.48 ,3.90 ,3.48 ,2.94 ,2.66 ,142534 ,0.00%, 1 ,"12,883"," 2,249 ",9.9," 529,822 "," 12,908 ",10.3,20.8,3.2,1.4,74.6,"2,248,701",3,1,0,0.62
46770,Jeonnam,고흥군,Goheung-gun,Gun,3,,, -   ,"65,865",0.136%,0.086%,0 ,1 ,3.292 ,3.48 ,3.90 ,3.48 ,2.94 ,2.66 ,274 ,0.00%, 1 ,"34,508"," 5,093 ",12.6," 1,254,782 "," 29,130 ",9.8,10.9,1.7,1.7,73.2,"5,754,665",2,0,1,0.81
46780,Jeonnam,보성군,Boseong-gun,Gun,3,,, -   ,"57,471",0.000%,0.000%,0 ,0 ,3.292 ,3.48 ,3.90 ,3.48 ,2.94 ,2.66 ,186889 ,0.00%, 1 ,"22,449"," 3,783 ",11.1," 803,199 "," 67,637 ",22.8,12.5,2.4,0.6,84.5,"4,188,117",3,0,0,0.69
46790,Jeonnam,화순군,Hwasun-gun,Gun,3,,, -   ,"98,516",0.058%,0.025%,0 ,1 ,3.292 ,3.48 ,3.90 ,3.48 ,2.94 ,2.66 ,289617 ,0.00%, 1 ,"29,575"," 5,078 ",21.0," 1,460,223 "," 31,751 ",8.9,6.1,0.8,1.6,91.6,"5,028,249",4,0,1,0.67
46800,Jeonnam,장흥군,Jangheung-gun,Gun,3,,, -   ,"63,868",0.403%,0.221%,0 ,1 ,3.292 ,3.48 ,3.90 ,3.48 ,2.94 ,2.66 ,177599 ,0.00%, 1 ,"20,161"," 3,612 ",11.6," 905,402 "," 19,032 ",30.5,8.0,1.2,5.9,84.9,"5,209,266",1,0,0,0.87
46810,Jeonnam,강진군,Gangjin-gun,Gun,3,,, -   ,"48,927",0.405%,0.301%,0 ,0 ,3.292 ,3.48 ,3.90 ,3.48 ,2.94 ,2.66 ,177997 ,0.00%, 1 ,"18,414"," 3,109 ",10.2," 759,345 "," 18,223 ",10.2,14.3,2.2,5.2,73.4,"6,622,796",2,2,1,0.97
46820,Jeonnam,해남군,Haenam-gun,Gun,3,,, -   ,"69,115",0.125%,0.035%,0 ,6 ,3.292 ,3.48 ,3.90 ,3.48 ,2.94 ,2.66 ,302757 ,0.00%, 1 ,"35,231"," 5,510 ",12.1," 1,847,492 "," 36,598 ",6.4,11.2,1.1,6.1,57.8,"3,735,831",1,1,0,0.76
46830,Jeonnam,영암군,Yeongam-gun,Gun,3,,, -   ,"58,987",0.173%,0.066%,0 ,4 ,3.292 ,3.48 ,3.90 ,3.48 ,2.94 ,2.66 ,266634 ,0.00%, 1 ,"27,190"," 4,518 ",13.7," 3,770,157 "," 48,676 ",24.6,7.3,1.0,14.6,42.1,"8,664,606",4,0,0,1.74
46840,Jeonnam,무안군,Muan-gun,Gun,3,,, -   ,"45,999",0.019%,0.000%,0 ,2 ,3.292 ,3.48 ,3.90 ,3.48 ,2.94 ,2.66 ,247582 ,0.00%, 1 ,"35,500"," 5,329 ",16.1," 3,289,224 "," 39,666 ",32.7,24.1,3.3,1.1,71.5,"7,019,371",1,0,1,0.92
46860,Jeonnam,함평군,Hampyeong-gun,Gun,3,,, -   ,"45,032",0.163%,0.075%,0 ,0 ,3.292 ,3.48 ,3.90 ,3.48 ,2.94 ,2.66 ,170212 ,0.00%, 1 ,"17,591"," 2,454 ",12.0," 822,729 "," 16,660 ",10.3,12.1,1.4,10.8,75.7,"7,101,673",1,0,1,0.49
46870,Jeonnam,영광군,Yeonggwang-gun,Gun,3,,, -   ,"47,561",0.000%,0.000%,0 ,3 ,3.292 ,3.48 ,3.90 ,3.48 ,2.94 ,2.66 ,518945 ,0.00%, 1 ,"26,054"," 4,672 ",13.4," 3,282,360 "," 26,004 ",36.2,10.1,1.8,14.8,70.2,"5,894,465",0,1,0,0.69
46880,Jeonnam,장성군,Jangseong-gun,Gun,3,,, -   ,"65,209",0.060%,0.000%,0 ,0 ,3.292 ,3.48 ,3.90 ,3.48 ,2.94 ,2.66 ,223674 ,0.00%, 2 ,"21,557"," 3,265 ",21.1," 1,668,572 "," 24,597 ",13.4,7.4,0.7,1.9,90.0,"8,817,315",2,0,0,0.95
46890,Jeonnam,완도군,Wando-gun,Gun,3,,,2019,"32,972",0.067%,0.032%,0 ,0 ,3.292 ,3.48 ,3.90 ,3.48 ,2.94 ,2.66 ,118714 ,0.00%, 3 ,"25,688"," 4,366 ",12.6," 966,624 "," 23,269 ",28.9,9.9,2.3,2.1,72.4,"3,638,516",3,1,0,0.82
46900,Jeonnam,진도군,Jindo-gun,Gun,3,,, -   ,"30,722",0.347%,0.165%,1 ,3 ,3.292 ,3.48 ,3.90 ,3.48 ,2.94 ,2.66 ,125173 ,0.00%, 1 ,"15,911"," 2,793 ",10.0," 671,145 "," 15,432 ",10.1,10.0,1.5,4.0,84.5,"3,494,616",1,2,0,0.93
46910,Jeonnam,신안군,Sinan-gun,Gun,3,,, -   ,"31,349",0.257%,0.207%,0 ,4 ,3.292 ,3.48 ,3.90 ,3.48 ,2.94 ,2.66 ,72532 ,0.00%, 2 ,"22,077"," 3,117 ",10.2," 986,215 "," 19,538 ",22.5,7.9,1.7,1.4,89.0,"4,750,946",1,0,0,0.96
47110,Gyeongbuk,포항시,Pohang-si,Si,3,,, -   ,"146,325",0.017%,0.008%,0 ,0 ,3.509 ,3.33 ,4.09 ,3.54 ,3.82 ,2.77 ,1882947 ,0.38%, 2 ,"212,095"," 41,227 ",35.2," 16,979,440 "," 251,935 ",29.6,10.7,1.4,10.4,52.6,"22,381,373",4,6,2,1.05
47130,Gyeongbuk,경주시,Gyeongju-si,Si,1,U-city(기반조성),, -   ,"170,593",0.037%,0.014%,0 ,3 ,3.595 ,3.51 ,4.04 ,3.72 ,3.72 ,2.98 ,2050092 ,0.00%, 1 ,"113,798"," 23,826 ",25.6," 10,487,838 "," 134,852 ",45.8,4.7,0.6,5.2,89.1,"20,254,046",11,1,2,1.16
47150,Gyeongbuk,김천시,Gimcheon-si,Si,1,경북혁신(07~15),, -   ,"131,279",0.019%,0.000%,0 ,0 ,3.102 ,3.17 ,3.98 ,3.57 ,3.59 ,1.20 ,704913 ,0.00%, 1 ,"62,202"," 10,244 ",25.8," 4,624,856 "," 68,562 ",11.7,21.6,2.6,8.4,66.3,"12,337,165",2,0,0,0.96
47170,Gyeongbuk,안동시,Andong-si,Si,3,,, -   ,"171,943",0.058%,0.028%,0 ,1 ,3.430 ,3.45 ,3.91 ,3.62 ,3.53 ,2.64 ,812509 ,0.00%, 1 ,"73,714"," 13,741 ",15.1," 4,480,788 "," 80,348 ",11.9,17.5,2.3,3.0,77.2,"13,217,179",8,2,0,1.18
47190,Gyeongbuk,구미시,Gumi-si,Si,1,U-city(기반조성),, -   ,"77,095",0.029%,0.008%,0 ,0 ,3.477 ,3.27 ,4.03 ,3.59 ,3.73 ,2.76 ,1446589 ,0.00%, 1 ,"168,487"," 34,208 ",44.2," 28,114,453 "," 200,343 ",41.9,14.7,1.9,15.3,68.0,"19,031,126",7,1,2,0.91
47210,Gyeongbuk,영주시,Yeongju-si,Si,1,U-city(시범도시),, -   ,"88,874",0.010%,0.000%,0 ,0 ,3.173 ,3.20 ,3.73 ,3.33 ,3.38 ,2.24 ,441378 ,0.00%, 2 ,"48,678"," 9,477 ",23.1," 2,989,761 "," 54,275 ",20.4,16.5,2.6,6.3,74.5,"8,013,197",9,1,0,1.79
47230,Gyeongbuk,영천시,Yeongcheon-si,Si,3,,, -   ,"102,042",0.069%,0.021%,0 ,0 ,3.537 ,3.26 ,4.15 ,3.77 ,3.71 ,2.79 ,220823 ,0.00%, 1 ,"47,509"," 8,778 ",17.5," 3,416,818 "," 56,038 ",14.2,15.8,1.6,13.8,68.8,"8,628,964",9,4,0,1.28
47250,Gyeongbuk,상주시,Sangju-si,Si,3,,, -   ,"159,063",0.039%,0.038%,0 ,1 ,3.604 ,3.48 ,4.06 ,3.71 ,3.89 ,2.89 ,454164 ,0.00%, 2 ,"46,750"," 7,650 ",14.0," 2,289,592 "," 50,825 ",12.2,17.9,2.3,5.0,74.9,"7,983,532",8,3,0,0.94
47280,Gyeongbuk,문경시,Mungyeong-si,Si,3,,, -   ,"115,698",0.033%,0.000%,0 ,0 ,3.667 ,3.46 ,4.31 ,3.87 ,3.85 ,2.84 ,373797 ,0.00%, 1 ,"34,643"," 5,946 ",19.9," 1,473,841 "," 34,419 ",39.0,17.9,3.2,7.1,71.8,"3,134,644",2,0,0,1.68
47290,Gyeongbuk,경산시,Gyeongsan-si,Si,3,,, -   ,"50,609",0.030%,0.022%,1 ,1 ,3.409 ,3.51 ,3.75 ,3.50 ,3.52 ,2.76 ,957463 ,0.01%, 1 ,"107,821"," 19,459 ",30.8," 7,665,247 "," 128,333 ",32.9,15.4,1.5,8.5,74.6,"12,124,400",4,4,0,0.91
47720,Gyeongbuk,군위군,Gunwi-gun,Gun,3,,, -   ,"71,386",0.107%,0.000%,0 ,1 ,3.632 ,3.50 ,4.01 ,3.89 ,3.64 ,3.13 ,116869 ,0.00%, 1 ,"12,428"," 1,886 ",11.3," 734,703 "," 13,709 ",13.7,13.3,2.0,2.7,82.0,"3,927,380",4,0,0,0.89
47730,Gyeongbuk,의성군,Uiseong-gun,Gun,3,,, -   ,"126,365",0.176%,0.076%,0 ,0 ,3.822 ,3.57 ,4.16 ,3.99 ,4.05 ,3.34 ,240643 ,0.00%, 1 ,"27,440"," 4,016 ",13.2," 1,224,239 "," 28,812 ",5.9,12.2,1.6,3.0,83.2,"9,383,197",4,1,0,0.79
47750,Gyeongbuk,청송군,Cheongsong-gun,Gun,3,,, -   ,"110,525",0.000%,0.000%,1 ,0 ,3.769 ,3.54 ,4.03 ,3.85 ,3.92 ,3.50 ,147983 ,0.00%, -   ,"13,460"," 2,194 ",11.9," 637,270 "," 14,348 ",9.7,25.4,4.8,0.6,69.2,"4,181,662",5,2,0,1.04
47760,Gyeongbuk,영양군,Yeongyang-gun,Gun,1,U-city(기반조성),, -   ,"103,910",0.076%,0.000%,0 ,0 ,3.577 ,3.33 ,3.85 ,3.72 ,3.71 ,3.28 ,90412 ,0.00%, 1 ,"8,800"," 1,290 ",13.6," 390,896 "," 8,848 ",16.0,11.8,2.4,0.6,85.3,"2,802,245",2,4,0,0.84
47770,Gyeongbuk,영덕군,Yeongdeok-gun,Gun,3,,, -   ,"109,824",0.053%,0.000%,0 ,1 ,3.215 ,3.09 ,3.75 ,3.33 ,3.17 ,2.73 ,219432 ,0.00%, 1 ,"20,185"," 3,758 ",13.5," 787,074 "," 18,150 ",8.9,17.0,3.6,1.8,56.7,"1,279,808",3,0,0,1.50
47820,Gyeongbuk,청도군,Cheongdo-gun,Gun,3,,, -   ,"78,403",0.356%,0.183%,0 ,0 ,3.445 ,3.19 ,3.89 ,3.52 ,3.76 ,2.87 ,207878 ,0.00%, 1 ,"21,722"," 3,843 ",15.7," 987,999 "," 23,487 ",18.7,10.7,1.5,1.0,86.9,"1,641,730",2,0,0,0.73
47830,Gyeongbuk,고령군,Goryeong-gun,Gun,3,,, -   ,"43,730",0.051%,0.000%,0 ,0 ,3.349 ,3.26 ,3.88 ,3.52 ,3.39 ,2.68 ,157602 ,0.00%, -   ,"16,215"," 3,845 ",16.8," 1,376,232 "," 20,404 ",12.3,8.9,0.4,9.5,80.3,"9,841,864",4,0,0,0.74
47840,Gyeongbuk,성주군,Seongju-gun,Gun,3,,, -   ,"67,683",0.000%,0.000%,0 ,0 ,3.231 ,3.21 ,3.52 ,3.37 ,3.40 ,2.66 ,187848 ,0.00%, -   ,"21,877"," 4,218 ",15.3," 1,846,097 "," 29,393 ",5.9,18.6,1.7,18.3,61.4,"5,920,096",4,0,0,0.72
47850,Gyeongbuk,칠곡군,Chilgok-gun,Gun,3,,, -   ,"53,231",0.034%,0.013%,0 ,1 ,3.456 ,2.95 ,4.08 ,3.65 ,3.74 ,2.86 ,477806 ,0.00%, -   ,"53,695"," 11,370 ",27.0," 3,986,069 "," 67,640 ",31.2,8.1,0.5,4.6,86.8,"13,529,198",2,1,0,1.02
47900,Gyeongbuk,예천군,Yecheon-gun,Gun,3,,,2019,"58,657",0.120%,0.060%,1 ,0 ,3.576 ,3.40 ,4.04 ,3.76 ,3.80 ,2.87 ,453530 ,0.00%, 1 ,"22,123"," 3,280 ",10.9," 1,071,027 "," 22,496 ",7.2,30.3,4.9,2.2,62.5,"7,665,225",1,1,0,0.75
47920,Gyeongbuk,봉화군,Bonghwa-gun,Gun,3,,, -   ,"192,567",0.200%,0.083%,0 ,1 ,3.555 ,3.35 ,3.99 ,3.85 ,3.61 ,2.97 ,157881 ,0.00%, 1 ,"16,492"," 2,497 ",9.6," 1,052,578 "," 16,587 ",6.2,18.0,2.2,3.1,76.6,"10,081,746",0,0,0,1.69
47930,Gyeongbuk,울진군,Uljin-gun,Gun,3,,, -   ,"187,835",0.000%,0.000%,0 ,1 ,3.532 ,3.25 ,3.93 ,3.66 ,3.76 ,3.06 ,490773 ,0.00%, -   ,"25,186"," 4,550 ",16.0," 2,446,518 "," 24,698 ",12.0,12.7,1.8,9.3,70.4,"6,172,203",1,2,1,1.15
47940,Gyeongbuk,울릉군,Ulleung-gun,Gun,3,,, -   ,"17,782",0.000%,0.000%,0 ,0 ,3.803 ,3.69 ,4.05 ,3.84 ,3.82 ,3.61 ,47371 ,0.00%, 1 ,"5,323"," 1,238 ",17.3," 287,643 "," 5,152 ",29.4,7.8,1.4,1.5,86.8,"853,115",4,0,0,1.44
48120,Gyeongnam,창원시,Changwon-si,Si,3,,,2018,"48,810",0.013%,0.006%,1 ,2 ,3.417 ,3.49 ,4.19 ,3.65 ,3.10 ,2.67 ,4169722 ,0.00%, 3 ,"417,762"," 84,991 ",42.6," 36,693,607 "," 551,448 ",58.7,12.3,2.2,8.7,74.4,"33,790,847",10,2,7,1.17
48170,Gyeongnam,진주시,Jinju-si,Si,1,경남혁신(07~15),, -   ,"78,816",0.037%,0.013%,0 ,4 ,3.417 ,3.49 ,4.19 ,3.65 ,3.10 ,2.67 ,1430999 ,0.00%, 1 ,"140,748"," 29,074 ",31.7," 6,959,317 "," 156,030 ",15.5,7.0,1.1,2.1,89.8,"17,216,373",5,2,0,1.16
48220,Gyeongnam,통영시,Tongyeong-si,Si,3,,, -   ,"32,077",0.000%,0.000%,0 ,0 ,3.417 ,3.49 ,4.19 ,3.65 ,3.10 ,2.67 ,722605 ,0.00%, 2 ,"59,214"," 11,147 ",23.5," 4,036,282 "," 52,551 ",25.8,16.8,2.0,9.9,66.7,"5,419,918",2,0,0,1.66
48240,Gyeongnam,사천시,Sacheon-si,Si,3,,, -   ,"73,986",0.010%,0.000%,0 ,0 ,3.417 ,3.49 ,4.19 ,3.65 ,3.10 ,2.67 ,521344 ,0.00%, 1 ,"51,012"," 9,742 ",22.5," 4,045,304 "," 53,043 ",22.4,12.8,1.4,11.2,73.4,"9,264,497",2,1,0,1.65
48250,Gyeongnam,김해시,Gimhae-si,Si,3,,,2018,"86,266",0.016%,0.006%,0 ,3 ,3.417 ,3.49 ,4.19 ,3.65 ,3.10 ,2.67 ,1522802 ,0.00%, 3 ,"200,370"," 44,218 ",41.3," 14,918,689 "," 249,818 ",34.2,13.5,1.6,5.7,79.1,"19,671,019",8,1,3,0.94
48270,Gyeongnam,밀양시,Miryang-si,Si,3,,, -   ,"97,146",0.066%,0.030%,1 ,0 ,3.417 ,3.49 ,4.19 ,3.65 ,3.10 ,2.67 ,472471 ,0.00%, 1 ,"50,158"," 8,927 ",19.0," 2,651,070 "," 56,222 ",18.0,15.9,1.4,6.4,76.3,"8,037,745",5,1,1,1.04
48310,Gyeongnam,거제시,Geoje-si,Si,3,,, -   ,"56,857",0.000%,0.000%,0 ,1 ,3.417 ,3.49 ,4.19 ,3.65 ,3.10 ,2.67 ,1049283303 ,0.00%, 2 ,"102,413"," 15,649 ",41.5," 10,454,011 "," 105,287 ",18.6,12.3,1.8,8.9,64.0,"10,519,000",5,2,2,1.36
48330,Gyeongnam,양산시,Yangsan-si,Si,1,U-city(시범도시),, -   ,"90,358",0.004%,0.000%,0 ,0 ,3.417 ,3.49 ,4.19 ,3.65 ,3.10 ,2.67 ,1276738 ,0.00%, 1 ,"125,453"," 23,570 ",40.5," 10,887,032 "," 144,674 ",29.6,9.2,0.9,4.5,85.4,"16,023,262",9,1,0,1.13
48720,Gyeongnam,의령군,Uiryeong-gun,Gun,3,,, -   ,"44,437",0.000%,0.000%,1 ,0 ,3.417 ,3.49 ,4.19 ,3.65 ,3.10 ,2.67 ,118098 ,0.00%, 1 ,"14,419"," 1,948 ",16.9," 803,368 "," 13,784 ",7.1,12.1,1.4,6.3,80.2,"6,760,896",0,0,0,1.02
48730,Gyeongnam,함안군,Haman-gun,Gun,3,,, -   ,"40,659",0.112%,0.036%,0 ,2 ,3.417 ,3.49 ,4.19 ,3.65 ,3.10 ,2.67 ,351784 ,0.00%, 1 ,"31,106"," 6,882 ",25.7," 3,700,910 "," 50,670 ",22.0,11.9,1.2,19.0,67.9,"6,428,176",4,1,0,1.13
48740,Gyeongnam,창녕군,Changnyeong-gun,Gun,3,,, -   ,"50,760",0.270%,0.097%,0 ,1 ,3.417 ,3.49 ,4.19 ,3.65 ,3.10 ,2.67 ,282775 ,0.00%, 1 ,"30,810"," 5,322 ",15.3," 2,262,980 "," 33,491 ",21.9,11.1,1.3,5.4,82.2,"8,339,965",3,0,1,0.80
48820,Gyeongnam,경남고성군,Goseong-gun,Gun,3,,, -   ,"44,514",0.066%,0.019%,0 ,1 ,3.417 ,3.49 ,4.19 ,3.65 ,3.10 ,2.67 ,219989930 ,0.00%, 2 ,"25,853"," 4,376 ",13.7," 2,583,986 "," 25,901 ",8.5,11.4,0.8,27.7,56.1,"12,264,057",1,1,0,0.93
48840,Gyeongnam,남해군,Namhae-gun,Gun,3,,, -   ,"35,487",0.022%,0.000%,0 ,1 ,3.417 ,3.49 ,4.19 ,3.65 ,3.10 ,2.67 ,208412 ,0.00%, 2 ,"22,155"," 4,452 ",15.6," 888,827 "," 18,493 ",7.6,10.7,1.6,0.0,87.7,"3,313,875",1,1,0,1.50
48850,Gyeongnam,하동군,Hadong-gun,Gun,3,,, -   ,"92,712",0.331%,0.113%,0 ,1 ,3.417 ,3.49 ,4.19 ,3.65 ,3.10 ,2.67 ,209823 ,0.00%, 2 ,"23,704"," 3,950 ",14.4," 2,273,039 "," 23,699 ",4.4,9.8,2.9,48.2,39.1,"8,164,043",2,0,0,1.13
48860,Gyeongnam,산청군,Sancheong-gun,Gun,3,,, -   ,"111,345",0.160%,0.042%,1 ,0 ,3.417 ,3.49 ,4.19 ,3.65 ,3.10 ,2.67 ,168661 ,0.00%, 1 ,"18,404"," 3,074 ",12.9," 897,976 "," 18,856 ",8.7,19.5,2.3,3.5,61.6,"6,987,432",3,3,0,1.16
48870,Gyeongnam,함양군,Hamyang-gun,Gun,3,,, -   ,"117,707",0.029%,0.000%,0 ,1 ,3.417 ,3.49 ,4.19 ,3.65 ,3.10 ,2.67 ,176924 ,0.00%, 1 ,"19,598"," 3,420 ",14.5," 856,599 "," 18,607 ",9.6,12.4,1.6,4.2,81.8,"5,498,009",4,1,0,1.16
48880,Gyeongnam,거창군,Geochang-gun,Gun,3,,, -   ,"102,074",0.041%,0.000%,0 ,2 ,3.417 ,3.49 ,4.19 ,3.65 ,3.10 ,2.67 ,260136 ,0.00%, 1 ,"28,203"," 4,774 ",16.5," 2,092,525 "," 29,908 ",7.0,15.3,1.1,4.0,79.7,"9,770,980",3,1,0,1.32
48890,Gyeongnam,합천군,Hapcheon-gun,Gun,3,,, -   ,"102,192",0.000%,0.000%,0 ,0 ,3.417 ,3.49 ,4.19 ,3.65 ,3.10 ,2.67 ,219697 ,0.00%, 1 ,"24,302"," 3,390 ",13.3," 956,120 "," 22,762 ",5.4,13.9,1.3,0.0,84.8,"9,065,996",0,0,0,1.26
50100,Jeju-do,제주특별자치도,Jeju-do,Metropolitan ,1,U-city(기타),, -   ,"185,126",0.017%,0.013%,0 ,5 ,3.417 ,3.49 ,4.19 ,3.65 ,3.10 ,2.67 ,3163631 ,0.08%, 2 ,"266,972"," 57,791 ",38.2," 16,986,143 "," 467,243 ",82.0,10.6,1.4,1.03,83.64,"35,704,346",10,4,2,2.03
,,,,,,,,,,,,,,,,,,,,,,,,,,,,,,,,,,,,,